Size of Array, Insertion Sort Time (ms), Merge Sort Time (ms), Hybrid Sort Time (ms)
1000, 229.65259999999998, 229.65259999999998, 229.65259999999998
